codigo_dane,municipio,latitud,longitud,altitud_m
68001,Bucaramanga,7.0693,-73.1355,959
68013,Aguada,6.1104,-73.5158,1540
68020,Albania,5.7019,-73.8482,1750
68051,Aratoca,6.683,-73.0153,1800
68077,Barbosa,5.9023,-73.6212,1600
68079,Barichara,6.6004,-73.2272,1336
68081,Barrancabermeja,6.8909,-73.8142,75
68092,Betulia,6.9026,-73.4026,400
68101,Bolívar,5.9628,-74.1582,1900
68121,Cabrera,6.5202,-73.2597,1300
68132,California,7.3382,-73.0002,2000
68147,Capitanejo,6.537,-72.6717,1000
68152,Carcasí,6.6883,-72.5603,1710
68160,Cepitá,6.7206,-72.9331,800
68162,Cerrito,6.9029,-72.6467,2400
68167,Charalá,6.173,-73.1524,1290
68169,Charta,7.1862,-73.0066,1800
68176,Chima,6.3122,-73.417,1350
68179,Chipatá,6.0026,-73.643,1630
68190,Cimitarra,6.264,-74.1976,325
68207,Concepción,6.7961,-72.6058,2000
68209,Confines,6.3288,-73.1933,1360
68211,Contratación,6.2396,-73.4754,1500
68217,Coromoro,6.2473,-72.9596,1600
68229,Curití,6.5896,-73.0306,1400
68235,El Carmen de Chucurí,6.5694,-73.6257,650
68245,El Guacamayo,6.1918,-73.5211,1460
68250,El Peñón,5.9592,-73.9901,1900
68255,El Playón,7.4121,-73.2115,500
68264,Encino,6.0747,-73.0365,1460
68266,Enciso,6.6721,-72.679,1600
68271,Florián,5.7106,-74.0058,1600
68276,Floridablanca,7.0071,-73.0845,925
68296,Galán,6.6011,-73.3406,1100
68298,Gámbita,5.8945,-73.3417,2050
68307,Girón,6.9803,-73.3275,777
68318,Guaca,6.903,-72.8319,2400
68320,Guadalupe,6.1696,-73.3934,1450
68322,Guapotá,6.2739,-73.3149,1390
68324,Guavatá,5.8741,-73.7035,1650
68327,Güepsa,5.9778,-73.5795,1600
68344,Hato,6.4885,-73.3755,1250
68368,Jesús María,5.7885,-73.822,1730
68370,Jordán,6.6663,-73.0996,1000
68377,La Belleza,5.7869,-74.0327,2100
68385,Landázuri,6.1989,-73.8567,1100
68397,La Paz,6.1341,-73.6312,1900
68406,Lebrija,7.0993,-73.3289,1050
68418,Los Santos,6.7557,-73.1179,1310
68425,Macaravita,6.5464,-72.5753,1460
68432,Málaga,6.7199,-72.747,2200
68444,Matanza,7.2609,-73.0873,1640
68464,Mogotes,6.4755,-72.9629,1700
68468,Molagavita,6.6341,-72.8295,1650
68498,Ocamonte,6.3341,-73.1172,1400
68500,Oiba,6.205,-73.2732,1420
68502,Onzaga,6.3575,-72.801,2000
68522,Palmar,6.4526,-73.299,1280
68524,Palmas del Socorro,6.3415,-73.2683,1330
68533,Páramo,6.415,-73.165,1320
68547,Piedecuesta,6.9159,-73.0166,1005
68549,Pinchote,6.4796,-73.176,1280
68572,Puente Nacional,5.7692,-73.6733,1625
68573,Puerto Parra,6.5219,-74.0084,125
68575,Puerto Wilches,7.3438,-73.8549,50
68615,Rionegro,7.3224,-73.4009,650
68655,Sabana de Torres,7.2639,-73.6316,110
68669,San Andrés,6.7823,-72.8143,1650
68673,San Benito,6.0549,-73.5242,1570
68679,San Gil,6.5198,-73.1253,1114
68682,San Joaquín,6.4601,-72.8471,1600
68684,San José de Miranda,6.6301,-72.7473,2000
68686,San Miguel,6.5947,-72.6333,1480
68689,San Vicente de Chucurí,6.7657,-73.5356,690
68705,Santa Bárbara,6.9123,-72.9199,1590
68720,Santa Helena del Opón,6.3189,-73.5999,500
68745,Simacota,6.5347,-73.7338,1200
68755,Socorro,6.4223,-73.2432,1230
68770,Suaita,6.0602,-73.3504,1500
68773,Sucre,5.8712,-73.9622,2400
68780,Suratá,7.4309,-73.0677,1800
68820,Tona,7.1107,-72.961,1900
68855,Valle de San José,6.4054,-73.1118,1370
68861,Vélez,6.1503,-73.7243,2150
68867,Vetas,7.2801,-72.9307,3350
68872,Villanueva,6.6266,-73.1694,1600
68895,Zapatoca,6.7518,-73.2973,1720
